https://www.lcddisplej.cz/lcd-10-1024x600-wsvga-led-30pin/	LCD 10" 1024x600 WSVGA LED 30pin lesklý povrch	890	10	1024	600	lesklý/matný	LED	nový třídy A+	2
https://www.lcddisplej.cz/lcd-10-1-1024x600-wsvga-led-40pin-prav-kon/	LCD 10.1" 1024x600 WSVGA LED 40pin prav. kon. lesklý povrch	890	10.1	1024	600	matný	LED	nový třídy A+	2
https://www.lcddisplej.cz/lcd-10-1-1366x768-wxga-hd-led-40pin-levy-konektor/	LCD 10.1" 1366x768 WXGA HD LED 40pin levý konektor matný povrch	890	10.1	1366	768	lesklý/matný	LED	nový třídy A+	2
https://www.lcddisplej.cz/lcd-10-1-1024x600-wsvga-led-40pin-slim/	LCD 10.1" 1024x600 WSVGA LED 40pin Slim matný povrch	890	10.1	1024	600	lesklý/matný	LED	nový třídy A+	2
https://www.lcddisplej.cz/lcd-10-1-1024x600-wsvga-led-40pin/	LCD 10.1" 1024x600 WSVGA LED 40pin matný povrch	890	10.1	1024	600	lesklý/matný	LED	nový třídy A+	2
https://www.lcddisplej.cz/lcd-10-1-1366x768-wxga-hd-led-40pin-pravy-konektor/	LCD 10.1" 1366x768 WXGA HD LED 40pin pravý konektor matný povrch	890	10.1	1366	768	lesklý/matný	LED	nový třídy A+	2
https://www.lcddisplej.cz/lcd-10-1-1270x720-sd-led-40pin/	LCD 10.1" 1270x720 SD+ LED 40pin lesklý povrch	890	10.1	1270	720	lesklý/matný	LED	nový třídy A+	2
https://www.lcddisplej.cz/lcd-10-1-1270x720-sd-led-40pin-slim/	LCD 10.1" 1270x720 SD+ LED 40pin Slim	890	10.1	1270	720	lesklý/matný	LED	nový třídy A+	2
https://www.lcddisplej.cz/lcd-11-6-1366x768-wxga-hd-led-30pin-slim-lp-edp/	LCD 11.6" 1366x768 WXGA HD LED 30pin Slim LP (eDP) matný povrch	990	11.6	1366	768	lesklý/matný	LED	nový třídy A+	2
https://www.lcddisplej.cz/lcd-11-6-1366x768-wxga-hd-led-30pin-slim-dh-edp/	LCD 11.6" 1366x768 WXGA HD LED 30pin Slim DH (eDP) matný povrch	1190	11.6	1366	768	lesklý/matný	LED	nový třídy A+	2
https://www.lcddisplej.cz/lcd-11-6-1366x768-wxga-hd-led-40pin-slim-lp/	LCD 11.6" 1366x768 WXGA HD LED 40pin Slim LP matný povrch	990	11.6	1366	768	lesklý/matný	LED	nový třídy A+	2
https://www.lcddisplej.cz/lcd-11-6-1366x768-wxga-hd-led-40pin-slim-dh/	LCD 11.6" 1366x768 WXGA HD LED 40pin Slim DH matný povrch	990	11.6	1366	768	lesklý/matný	LED	nový třídy A+	2
https://www.lcddisplej.cz/lcd-11-6-1366x768-wxga-hd-led-40pin/	LCD 11.6" 1366x768 WXGA HD LED 40pin matný povrch	1190	11.6	1366	768	lesklý/matný	LED	nový třídy A+	2
https://www.lcddisplej.cz/lcd-12-1-1280x800-wxga-ccfl-20pin/	LCD 12.1" 1280x800 WXGA CCFL 20pin	1290	12.1	1280	800	lesklý/matný	CCFL	nový třídy A+	2
https://www.lcddisplej.cz/lcd-12-1-1366x768-wxga-hd-led-30pin/	LCD 12.1" 1366x768 WXGA HD LED 30pin matný povrch	990	12.1	1366	768	lesklý/matný	LED	nový třídy A+	2
https://www.lcddisplej.cz/lcd-12-5-1920x1080-wuxga-full-hd-led-30pin-edp-slim-special/	LCD 12.5" 1920x1080 WUXGA Full HD LED 30pin (eDP) Slim Special matný povrch	2050	12.5	1920	1080	lesklý/matný	LED	nový třídy A+	2
https://www.lcddisplej.cz/lcd-12-5-1366x768-wxga-hd-led-40pin-slim/	LCD 12.5" 1366x768 WXGA HD LED 40pin Slim matný povrch	990	12.5	1366	768	lesklý/matný	LED	nový třídy A+	2
https://www.lcddisplej.cz/lcd-12-5-1920x1080-wuxga-full-hd-led-30pin-slim-lp-edp/	LCD 12.5" 1920x1080 WUXGA Full HD LED 30pin Slim LP (eDP) matný povrch	1990	12.5	1920	1080	matný	LED	nový třídy A+	2
https://www.lcddisplej.cz/lcd-12-5-1920x1080-wuxga-full-hd-led-30pin-slim-edp/	LCD 12.5" 1920x1080 WUXGA Full HD LED 30pin Slim (eDP) matný povrch	1990	12.5	1920	1080	matný	LED	nový třídy A+	2
https://www.lcddisplej.cz/lcd-12-5-1366x768-wxga-hd-led-30pin-edp-slim-lp/	LCD 12.5" 1366x768 WXGA HD LED 30pin (eDP) Slim LP matný povrch	1490	12.5	1366	768	lesklý/matný	LED	nový třídy A+	2
https://www.lcddisplej.cz/lcd-12-5-1366x768-wxga-hd-led-30pin-edp-slim/	LCD 12.5" 1366x768 WXGA HD LED 30pin (eDP) Slim matný povrch	1490	12.5	1366	768	lesklý/matný	LED	nový třídy A+	2
https://www.lcddisplej.cz/lcd-12-5-1366x768-wxga-hd-led-40pin-slim-lp-ips/	LCD 12.5" 1366x768 WXGA HD LED 40pin Slim LP IPS matný povrch	1690	12.5	1366	768	lesklý/matný	LED	nový třídy A+	2
https://www.lcddisplej.cz/lcd-12-5-1366x768-wxga-hd-led-40pin/	LCD 12.5" 1366x768 WXGA HD LED 40pin matný povrch	990	12.5	1366	768	lesklý/matný	LED	nový třídy A+	2
https://www.lcddisplej.cz/lcd-12-5-1366x768-wxga-hd-led-40pin-slim-lp/	LCD 12.5" 1366x768 WXGA HD LED 40pin Slim LP matný povrch	1490	12.5	1366	768	lesklý/matný	LED	nový třídy A+	2
https://www.lcddisplej.cz/lcd-13-3-1920x1080-wuxga-full-hd-led-30pin-edp-slim-special/	LCD 13.3" 1920x1080 WUXGA Full HD LED 30pin (eDP) Slim Special	2740	13.3	1920	1080	matný	LED	nový třídy A+	2
https://www.lcddisplej.cz/lcd-13-3-1920x1080-wuxga-full-hd-led-30pin-edp-slim-levy-kon/	LCD 13.3" 1920x1080 WUXGA Full HD LED 30pin (eDP) Slim levý kon.	2990	13.3	1920	1080	matný	LED	nový třídy A+	2
https://www.lcddisplej.cz/lcd-13-3-1920x1080-wuxga-full-hd-led-30pin-edp-slim-300mm/	LCD 13.3" 1920x1080 WUXGA Full HD LED 30pin (eDP) Slim 300mm matný povrch	2990	13.3	1920	1080	matný	LED	nový třídy A+	2
https://www.lcddisplej.cz/lcd-13-3-1366x768-wxga-hd-led-30pin-edp-slim/	LCD 13.3" 1366x768 WXGA HD LED 30pin (eDP) Slim matný povrch	1950	13.3	1366	768	lesklý/matný	LED	nový třídy A+	2
https://www.lcddisplej.cz/lcd-13-3-1280x800-wxga-led-40pin-type-3/	LCD 13.3" 1280x800 WXGA LED 40pin type 3	2390	13.3	1280	800	matný	LED	nový třídy A+	2
https://www.lcddisplej.cz/lcd-13-3-1920x1080-wuxga-full-hd-led-30pin-edp-slim/	LCD 13.3" 1920x1080 WUXGA Full HD LED 30pin (eDP) Slim  matný povrch	1990	13.3	1920	1080	matný	LED	nový třídy A+	2
https://www.lcddisplej.cz/lcd-13-3-1920x1080-wuxga-full-hd-led-30pin-slim-dh-edp-pravy-kon/	LCD 13.3" 1920x1080 WUXGA Full HD LED 30pin Slim DH (eDP) pravý kon. matný povrch	1990	13.3	1920	1080	matný	LED	nový třídy A+	2
https://www.lcddisplej.cz/lcd-13-3-1920x1080-wuxga-full-hd-led-30pin-slim-dh-edp/	LCD 13.3" 1920x1080 WUXGA Full HD LED 30pin Slim DH (eDP) matný povrch	1990	13.3	1920	1080	matný	LED	nový třídy A+	2
https://www.lcddisplej.cz/lcd-13-3-1366x768-wxga-hd-led-30pin-edp-slim-lp-special/	LCD 13.3" 1366x768 WXGA HD LED 30pin (eDP) Slim LP Special matný povrch	1990	13.3	1366	768	lesklý/matný	LED	nový třídy A+	2
https://www.lcddisplej.cz/lcd-13-3-1366x768-wxga-hd-led-30pin-edp/	LCD 13.3" 1366x768 WXGA HD LED 30pin (eDP) matný povrch	2140	13.3	1366	768	lesklý/matný	LED	nový třídy A+	2
https://www.lcddisplej.cz/lcd-13-3-1366x768-wxga-hd-led-30pin-edp-slim-dh/	LCD 13.3" 1366x768 WXGA HD LED 30pin (eDP) Slim DH matný povrch	1690	13.3	1366	768	lesklý/matný	LED	nový třídy A+	2
https://www.lcddisplej.cz/lcd-13-3-1280x800-wxga-ccfl-30pin/	LCD 13.3" 1280x800 WXGA CCFL 30pin lesklý povrch	890	13.3	1280	800	lesklý/matný	CCFL	nový třídy A+	2
https://www.lcddisplej.cz/lcd-13-3-1280x800-wxga-ccfl-20pin/	LCD 13.3" 1280x800 WXGA CCFL 20pin	1850	13.3	1280	800	lesklý/matný	CCFL	nový třídy A+	2
https://www.lcddisplej.cz/lcd-13-3-1366x768-wxga-hd-led-40pin-slim-dh-special/	LCD 13.3" 1366x768 WXGA HD LED 40pin Slim DH Special	2160	13.3	1366	768	lesklý/matný	LED	nový třídy A+	2
https://www.lcddisplej.cz/lcd-13-3-1366x768-wxga-hd-led-40pin/	LCD 13.3" 1366x768 WXGA HD LED 40pin matný povrch	1190	13.3	1366	768	lesklý/matný	LED	nový třídy A+	2
https://www.lcddisplej.cz/lcd-13-3-1366x768-wxga-hd-led-40pin-slim-lp-special/	LCD 13.3" 1366x768 WXGA HD LED 40pin Slim LP Special matný povrch	1290	13.3	1366	768	lesklý/matný	LED	nový třídy A+	2
https://www.lcddisplej.cz/lcd-13-3-1366x768-wxga-hd-led-40pin-slim/	LCD 13.3" 1366x768 WXGA HD LED 40pin Slim matný povrch	1290	13.3	1366	768	lesklý/matný	LED	nový třídy A+	2
https://www.lcddisplej.cz/lcd-13-3-1600x900-wxga-hd-led-40pin-slim-lp/	LCD 13.3" 1600x900 WXGA++ HD+ LED 40pin Slim LP	2240	13.3	1600	900	lesklý/matný	LED	nový třídy A+	2
https://www.lcddisplej.cz/lcd-13-3-1366x768-wxga-hd-led-40pin-slim-lp/	LCD 13.3" 1366x768 WXGA HD LED 40pin Slim LP matný povrch	1290	13.3	1366	768	lesklý/matný	LED	nový třídy A+	2
https://www.lcddisplej.cz/lcd-13-4-1366x768-wxga-hd-led-40pin-slim-lp/	LCD 13.4" 1366x768 WXGA HD LED 40pin Slim LP lesklý povrch	990	13.4	1366	768	lesklý/matný	LED	nový třídy A+	2
https://www.lcddisplej.cz/lcd-14-1920x1200-full-hd-led-30pin-slim-edp-nizsi-umisteni/	LCD 14" 1920x1200 Full HD LED 30pin Slim (eDP) nižší umístění matný povrch	3890	14	1920	1200	lesklý/matný	LED	nový třídy A+	2
https://www.lcddisplej.cz/lcd-14-1920x1200-full-hd-led-30pin-slim-edp/	LCD 14" 1920x1200 Full HD LED 30pin Slim (eDP) matný povrch	3890	14	1920	1200	lesklý/matný	LED	nový třídy A+	2
https://www.lcddisplej.cz/lcd-14-1920x1080-wuxga-full-hd-led-30pin-slim-edp-315mm-elektronika-7-5mm/	LCD 14" 1920x1080 WUXGA Full HD LED 30pin Slim (eDP) 315mm elektronika 7,5mm matný povrch	1690	14	1920	1080	matný	LED	nový třídy A+	2
https://www.lcddisplej.cz/lcd-14-2560x1440-qhd-led-40pin-slim/	LCD 14" 2560x1440 QHD LED 40pin Slim matný povrch	2490	14	2560	1440	matný	LED	nový třídy A+	2
https://www.lcddisplej.cz/lcd-14-1366x768-wxga-hd-led-30pin-edp-slim-special/	LCD 14" 1366x768 WXGA HD LED 30pin (eDP) Slim Special	1990	14	1366	768	matný	LED	nový třídy A+	2
https://www.lcddisplej.cz/lcd-14-1920x1080-wuxga-full-hd-led-30pin-slim-special-d-edp-ips-sirka-315mm/	LCD 14" 1920x1080 WUXGA Full HD LED 30pin Slim Special D (eDP) IPS šířka 315mm matný povrch	1990	14	1920	1080	matný	LED	nový třídy A+	2
https://www.lcddisplej.cz/lcd-14-2560x1440-qhd-led-40pin-slim-315mm/	LCD 14" 2560x1440 QHD LED 40pin Slim 315mm matný povrch	2990	14	2560	1440	matný	LED	nový třídy A+	2
https://www.lcddisplej.cz/lcd-14-1920x1080-wuxga-full-hd-led-30pin-slim-special-edp-ips-sirka-315mm/	LCD 14" 1920x1080 WUXGA Full HD LED 30pin Slim Special (eDP) IPS šířka 315mm matný povrch	1390	14	1920	1080	matný	LED	nový třídy A+	2
https://www.lcddisplej.cz/lcd-14-1366x768-wxga-hd-led-30pin-slim-edp-sirka-315mm/	LCD 14" 1366x768 WXGA HD LED 30pin Slim (eDP) šířka 315mm matný povrch	1290	14	1366	768	matný	LED	nový třídy A+	2
https://www.lcddisplej.cz/lcd-14-1920x1080-wuxga-full-hd-led-30pin-slim-edp-315mm/	LCD 14" 1920x1080 WUXGA Full HD LED 30pin Slim (eDP) 315mm matný povrch	1290	14	1920	1080	matný	LED	nový třídy A+	2
https://www.lcddisplej.cz/lcd-14-1366x768-wxga-hd-led-30pin-slim-dh-edp-sirka-315mm/	LCD 14" 1366x768 WXGA HD LED 30pin Slim DH (eDP) šířka 315mm matný povrch	1290	14	1366	768	matný	LED	nový třídy A+	2
https://www.lcddisplej.cz/lcd-14-1920x1080-wuxga-full-hd-led-30pin-slim-dh-edp-sirka-315mm/	LCD 14" 1920x1080 WUXGA Full HD LED 30pin Slim DH (eDP) šířka 315mm matný povrch	1290	14	1920	1080	matný	LED	nový třídy A+	2
https://www.lcddisplej.cz/lcd-14-2560x1440-qhd-led-40pin-slim-dh/	LCD 14" 2560x1440 QHD LED 40pin Slim DH matný povrch	2290	14	2560	1440	matný	LED	nový třídy A+	2
https://www.lcddisplej.cz/lcd-14-1600x900-wxga-hd-led-40pin-slim-special/	LCD 14" 1600x900 WXGA++ HD+ LED 40pin Slim Special	1990	14	1600	900	matný	LED	nový třídy A+	2
https://www.lcddisplej.cz/lcd-14-1366x768-wxga-hd-led-40pin-slim-dh-special/	LCD 14" 1366x768 WXGA HD LED 40pin Slim DH Special matný povrch	1290	14	1366	768	lesklý/matný	LED	nový třídy A+	2
https://www.lcddisplej.cz/lcd-14-1600x900-wxga-hd-led-30pin-slim-edp/	LCD 14" 1600x900 WXGA++ HD+ LED 30pin Slim (eDP) matný povrch	1290	14	1600	900	lesklý/matný	LED	nový třídy A+	2
https://www.lcddisplej.cz/lcd-14-1920x1080-wuxga-full-hd-led-30pin-slim-dh-edp/	LCD 14" 1920x1080 WUXGA Full HD LED 30pin Slim DH (eDP) matný povrch	1290	14	1920	1080	matný	LED	nový třídy A+	2
https://www.lcddisplej.cz/lcd-14-1366x768-wxga-hd-led-30pin-edp-pravy-konektor/	LCD 14" 1366x768 WXGA HD LED 30pin (eDP) pravý konektor matný povrch	1990	14	1366	768	lesklý/matný	LED	nový třídy A+	2
https://www.lcddisplej.cz/lcd-14-1600x900-wxga-hd-led-40pin/	LCD 14" 1600x900 WXGA++ HD+ LED 40pin matný povrch	1490	14	1600	900	lesklý/matný	LED	nový třídy A+	2
https://www.lcddisplej.cz/lcd-14-1366x768-wxga-hd-led-30pin-slim-dh-edp/	LCD 14" 1366x768 WXGA HD LED 30pin Slim DH (eDP) matný povrch	1190	14	1366	768	lesklý/matný	LED	nový třídy A+	2
https://www.lcddisplej.cz/lcd-14-1366x768-wxga-hd-led-30pin-edp-levy-konektor/	LCD 14" 1366x768 WXGA HD LED 30pin (eDP) levý konektor lesklý povrch	1490	14	1366	768	lesklý/matný	LED	nový třídy A+	2
https://www.lcddisplej.cz/lcd-14-1600x900-wxga-hd-led-30pin-edp/	LCD 14" 1600x900 WXGA++ HD+ LED 30pin (eDP)	2490	14	1600	900	lesklý/matný	LED	nový třídy A+	2
https://www.lcddisplej.cz/lcd-14-1366x768-wxga-hd-led-40pin-slim/	LCD 14" 1366x768 WXGA HD LED 40pin Slim matný povrch	1290	14	1366	768	lesklý/matný	LED	nový třídy A+	2
https://www.lcddisplej.cz/lcd-14-1600x900-wxga-hd-led-40pin-slim/	LCD 14" 1600x900 WXGA++ HD+ LED 40pin Slim matný povrch	1290	14	1600	900	lesklý/matný	LED	nový třídy A+	2
https://www.lcddisplej.cz/lcd-14-1366x768-wxga-hd-led-40pin-pravy-konektor/	LCD 14" 1366x768 WXGA HD LED 40pin pravý konektor matný povrch	990	14	1366	768	lesklý/matný	LED	nový třídy A+	2
https://www.lcddisplej.cz/lcd-14-1366x768-wxga-hd-led-40pin-levy-konektor/	LCD 14" 1366x768 WXGA HD LED 40pin levý konektor matný povrch	1190	14	1366	768	lesklý/matný	LED	nový třídy A+	2
https://www.lcddisplej.cz/lcd-14-1-1440x900-wxga-led-40pin-type-3/	LCD 14.1" 1440x900 WXGA+ LED 40pin type 3	2490	14.1	1440	900	lesklý/matný	LED	nový třídy A+	2
https://www.lcddisplej.cz/lcd-14-1-1280x800-wxga-led-40pin-type-3/	LCD 14.1" 1280x800 WXGA LED 40pin type 3 matný povrch	990	14.1	1280	800	matný	LED	nový třídy A+	2
https://www.lcddisplej.cz/lcd-14-1-1440x900-wxga-led-50pin/	LCD 14.1" 1440x900 WXGA+ LED 50pin matný povrch	990	14.1	1440	900	lesklý/matný	LED	nový třídy A+	2
https://www.lcddisplej.cz/lcd-14-1-1440x900-wxga-led-40pin/	LCD 14.1" 1440x900 WXGA+ LED 40pin matný povrch	1390	14.1	1440	900	lesklý/matný	LED	nový třídy A+	2
https://www.lcddisplej.cz/lcd-14-1-1280x800-wxga-ccfl-30pin/	LCD 14.1" 1280x800 WXGA CCFL 30pin lesklý povrch	990	14.1	1280	800	lesklý/matný	CCFL	nový třídy A+	2
https://www.lcddisplej.cz/lcd-14-1-1440x900-wxga-ccfl-30pin/	LCD 14.1" 1440x900 WXGA+ CCFL 30pin matný povrch	990	14.1	1440	900	lesklý/matný	CCFL	nový třídy A+	2
https://www.lcddisplej.cz/lcd-14-1-1280x800-wxga-led-40pin/	LCD 14.1" 1280x800 WXGA LED 40pin matný povrch	1390	14.1	1280	800	lesklý/matný	LED	nový třídy A+	2
https://www.lcddisplej.cz/lcd-15-1400x1050-sxga-ccfl-30pin/	LCD 15" 1400x1050 SXGA+ CCFL 30pin	290	15	1400	1050	lesklý/matný	CCFL	nový třídy A+	2
https://www.lcddisplej.cz/lcd-15-4-1280x800-wxga-2xccfl-30pin/	LCD 15.4" 1280x800 WXGA 2xCCFL 30pin	2290	15.4	1280	800	lesklý/matný	2xCCFL	nový třídy A+	2
https://www.lcddisplej.cz/lcd-15-4-1680x1050-wsxga-ccfl-30pin/	LCD 15.4" 1680x1050 WSXGA+ CCFL 30pin matný povrch	1290	15.4	1680	1050	lesklý/matný	CCFL	nový třídy A+	2
https://www.lcddisplej.cz/lcd-15-4-1440x900-wxga-ccfl-30pin/	LCD 15.4" 1440x900 WXGA+ CCFL 30pin matný povrch	1290	15.4	1440	900	lesklý/matný	CCFL	nový třídy A+	2
https://www.lcddisplej.cz/lcd-15-4-1920x1200-wuxga-full-hd-ccfl-30pin/	LCD 15.4" 1920x1200 WUXGA Full HD CCFL 30pin	1290	15.4	1920	1200	lesklý/matný	CCFL	nový třídy A+	2
https://www.lcddisplej.cz/lcd-15-4-1280x800-wxga-ccfl-30pin/	LCD 15.4" 1280x800 WXGA CCFL 30pin matný povrch	1290	15.4	1280	800	lesklý/matný	CCFL	nový třídy A+	2
https://www.lcddisplej.cz/lcd-15-6-1920x1080-full-hd-led-40pin-slim-ips-165hz-narrow/	LCD 15.6" 1920x1080 Full HD LED 40pin Slim IPS 165Hz Narrow matný povrch	2890	15.6	1920	1080	matný	LED	nový třídy A+	2
https://www.lcddisplej.cz/lcd-15-6-1920x1080-wuxga-full-hd-led-30pin-narrow-slim-special-edp-ips/	LCD 15.6" 1920x1080 WUXGA Full HD LED 30pin Narrow Slim Special (eDP) IPS matný povrch	1590	15.6	1920	1080	matný	LED	nový třídy A+	2
https://www.lcddisplej.cz/lcd-15-6-2560x1440-qhd-led-40pin-slim-ips-165hz-sirka-350mm/	LCD 15.6" 2560x1440 QHD LED 40pin Slim IPS 165Hz šířka 350mm matný povrch	2390	15.6	2560	1440	matný	LED	nový třídy A+	2
https://www.lcddisplej.cz/lcd-15-6-1920x1080-wuxga-full-hd-led-40pin-slim-ips-300hz-sirka-350mm/	LCD 15.6" 1920x1080 WUXGA Full HD LED 40pin Slim IPS 300Hz šířka 350mm matný povrch	2990	15.6	1920	1080	matný	LED	nový třídy A+	2
https://www.lcddisplej.cz/lcd-15-6-1920x1080-wuxga-full-hd-led-40pin-slim-ips-240hz-sirka-350mm/	LCD 15.6" 1920x1080 WUXGA Full HD LED 40pin Slim IPS 240Hz šířka 350mm matný povrch	2990	15.6	1920	1080	matný	LED	nový třídy A+	2
https://www.lcddisplej.cz/lcd-15-6-1920x1080-wuxga-full-hd-led-40pin-slim-ips-165hz-sirka-350mm/	LCD 15.6" 1920x1080 WUXGA Full HD LED 40pin Slim IPS 165Hz šířka 350mm matný povrch	1990	15.6	1920	1080	matný	LED	nový třídy A+	2
https://www.lcddisplej.cz/lcd-15-6-1920x1080-wuxga-full-hd-led-30pin-slim-edp-ips-elektronika-260mm/	LCD 15.6" 1920x1080 WUXGA Full HD LED 30pin Slim (eDP) IPS elektronika 260mm matný povrch	1590	15.6	1920	1080	matný	LED	nový třídy A+	2
https://www.lcddisplej.cz/lcd-15-6-3840x2160-uhd-led-40pin-slim-special-lp/	LCD 15.6" 3840x2160 UHD LED 40pin Slim Special LP matný povrch	3240	15.6	3840	2160	matný	LED	nový třídy A+	2
https://www.lcddisplej.cz/lcd-15-6-1920x1080-wuxga-full-hd-led-30pin-slim-special-edp-ips-sirka-350mm/	LCD 15.6" 1920x1080 WUXGA Full HD LED 30pin Slim Special (eDP) IPS šířka 350mm matný povrch	1290	15.6	1920	1080	matný	LED	nový třídy A+	2
https://www.lcddisplej.cz/lcd-15-6-1920x1080-wuxga-full-hd-led-40pin-slim-ips-144hz-sirka-350mm/	LCD 15.6" 1920x1080 WUXGA Full HD LED 40pin Slim IPS 144Hz šířka 350mm matný povrch	1790	15.6	1920	1080	matný	LED	nový třídy A+	2
https://www.lcddisplej.cz/lcd-15-6-3840x2160-uhd-led-40pin-slim/	LCD 15.6" 3840x2160 UHD LED 40pin Slim matný povrch	3890	15.6	3840	2160	matný	LED	nový třídy A+	2
https://www.lcddisplej.cz/lcd-15-6-3840x2160-uhd-led-40pin-slim-special/	LCD 15.6" 3840x2160 UHD LED 40pin Slim Special  matný povrch	3890	15.6	3840	2160	matný	LED	nový třídy A+	2
https://www.lcddisplej.cz/lcd-15-6-1920x1080-wuxga-full-hd-led-30pin-slim-edp-ips-144hz-sirka-350mm/	LCD 15.6" 1920x1080 WUXGA Full HD LED 30pin Slim (eDP) IPS 144Hz šířka 350mm	2390	15.6	1920	1080	matný	LED	nový třídy A+	2
https://www.lcddisplej.cz/lcd-15-6-1920x1080-wuxga-full-hd-led-30pin-slim-edp-ips-120hz-sirka-350mm/	LCD 15.6" 1920x1080 WUXGA Full HD LED 30pin Slim (eDP) IPS 120Hz šířka 350mm	3490	15.6	1920	1080	matný	LED	nový třídy A+	2
https://www.lcddisplej.cz/lcd-15-6-1366x768-wxga-hd-led-30pin-slim-edp-350mm/	LCD 15.6" 1366x768 WXGA HD LED 30pin Slim (eDP) 350mm matný povrch	1290	15.6	1366	768	lesklý/matný	LED	nový třídy A+	2
https://www.lcddisplej.cz/lcd-15-6-1366x768-wxga-hd-led-30pin-slim-dh-edp-350mm/	LCD 15.6" 1366x768 WXGA HD LED 30pin Slim DH (eDP) 350mm matný povrch	1290	15.6	1366	768	lesklý/matný	LED	nový třídy A+	2
https://www.lcddisplej.cz/lcd-15-6-1920x1080-wuxga-full-hd-led-40pin-slim-dh-ips/	LCD 15.6" 1920x1080 WUXGA Full HD LED 40pin Slim DH IPS	2990	15.6	1920	1080	matný	LED	nový třídy A+	2
https://www.lcddisplej.cz/lcd-15-6-1920x1080-wuxga-full-hd-led-30pin-slim-edp-ips-sirka-350mm/	LCD 15.6" 1920x1080 WUXGA Full HD LED 30pin Slim (eDP) IPS šířka 350mm matný povrch	1290	15.6	1920	1080	matný	LED	nový třídy A+	2
https://www.lcddisplej.cz/lcd-15-6-1920x1080-wuxga-full-hd-led-30pin-slim-dh-edp-ips-sirka-350mm/	LCD 15.6" 1920x1080 WUXGA Full HD LED 30pin Slim DH (eDP) IPS šířka 350mm matný povrch	1490	15.6	1920	1080	matný	LED	nový třídy A+	2
https://www.lcddisplej.cz/lcd-15-6-1920x1080-wuxga-full-hd-led-30pin-slim-dh-edp-120hz/	LCD 15.6" 1920x1080 WUXGA Full HD LED 30pin Slim DH (eDP) 120Hz matný povrch	2680	15.6	1920	1080	lesklý/matný	LED	nový třídy A+	2
https://www.lcddisplej.cz/lcd-15-6-3840x2160-uhd-led-40pin-slim-dh/	LCD 15.6" 3840x2160 UHD LED 40pin Slim DH matný povrch	2890	15.6	3840	2160	matný	LED	nový třídy A+	2
https://www.lcddisplej.cz/lcd-15-6-1600x900-wxga-hd-led-30pin-edp/	LCD 15.6" 1600x900 WXGA++ HD+ LED 30pin (eDP) matný povrch	1290	15.6	1600	900	lesklý/matný	LED	nový třídy A+	2
https://www.lcddisplej.cz/lcd-15-6-1600x900-wxga-hd-led-40pin/	LCD 15.6" 1600x900 WXGA++ HD+ LED 40pin matný povrch	1290	15.6	1600	900	lesklý/matný	LED	nový třídy A+	2
https://www.lcddisplej.cz/lcd-15-6-1920x1080-wuxga-full-hd-led-30pin-slim-dh-edp-ips/	LCD 15.6" 1920x1080 WUXGA Full HD LED 30pin Slim DH (eDP) IPS matný povrch	1490	15.6	1920	1080	lesklý/matný	LED	nový třídy A+	2
https://www.lcddisplej.cz/lcd-15-6-1366x768-wxga-hd-led-40pin-pravy-kon/	LCD 15.6" 1366x768 WXGA HD LED 40pin pravý kon. matný povrch	1290	15.6	1366	768	lesklý/matný	LED	nový třídy A+	2
https://www.lcddisplej.cz/lcd-15-6-1920x1080-wuxga-full-hd-led-30pin-edp/	LCD 15.6" 1920x1080 WUXGA Full HD LED 30pin (eDP) matný povrch	1290	15.6	1920	1080	lesklý/matný	LED	nový třídy A+	2
https://www.lcddisplej.cz/lcd-15-6-1920x1080-wuxga-full-hd-led-30pin-slim-dh-edp/	LCD 15.6" 1920x1080 WUXGA Full HD LED 30pin Slim DH (eDP) matný povrch	1190	15.6	1920	1080	lesklý/matný	LED	nový třídy A+	2
https://www.lcddisplej.cz/lcd-15-6-1366x768-wxga-hd-led-30pin-slim-dh-edp/	LCD 15.6" 1366x768 WXGA HD LED 30pin Slim DH (eDP) matný povrch	1190	15.6	1366	768	lesklý/matný	LED	nový třídy A+	2
https://www.lcddisplej.cz/lcd-15-6-1366x768-wxga-hd-led-30pin-edp/	LCD 15.6" 1366x768 WXGA HD LED 30pin (eDP) matný povrch	1690	15.6	1366	768	lesklý/matný	LED	nový třídy A+	2
https://www.lcddisplej.cz/lcd-15-6-1920x1080-wuxga-full-hd-ips-led-50pin/	LCD 15.6" 1920x1080 WUXGA Full HD IPS LED 50pin	2690	15.6	1920	1080	lesklý/matný	LED	nový třídy A+	2
https://www.lcddisplej.cz/lcd-15-6-1366x768-wxga-hd-ccfl-30pin/	LCD 15.6" 1366x768 WXGA HD CCFL 30pin matný povrch	1290	15.6	1366	768	lesklý/matný	CCFL	nový třídy A+	2
https://www.lcddisplej.cz/lcd-15-6-1920x1080-wuxga-full-hd-led-40pin-slim-dh/	LCD 15.6" 1920x1080 WUXGA Full HD LED 40pin Slim DH matný povrch	1490	15.6	1920	1080	lesklý/matný	LED	nový třídy A+	2
https://www.lcddisplej.cz/lcd-15-6-1366x768-wxga-hd-led-40pin/	LCD 15.6" 1366x768 WXGA HD LED 40pin matný povrch	1090	15.6	1366	768	lesklý/matný	LED	nový třídy A+	2
https://www.lcddisplej.cz/lcd-15-6-1366x768-wxga-hd-led-40pin-slim-dh-special/	LCD 15.6" 1366x768 WXGA HD LED 40pin Slim DH Special matný povrch	1590	15.6	1366	768	lesklý/matný	LED	nový třídy A+	2
https://www.lcddisplej.cz/lcd-15-6-1600x900-wxga-hd-led-40pin-slim-dh/	LCD 15.6" 1600x900 WXGA++ HD+ LED 40pin Slim DH matný povrch	1590	15.6	1600	900	lesklý/matný	LED	nový třídy A+	2
https://www.lcddisplej.cz/lcd-15-6-1366x768-3d-wxga-hd-led-40pin/	LCD 15.6" 1366x768 3D WXGA HD LED 40pin lesklý povrch	990	15.6	1366	768	lesklý/matný	LED	nový třídy A+	2
https://www.lcddisplej.cz/lcd-15-6-1920x1080-wuxga-full-hd-led-40pin/	LCD 15.6" 1920x1080 WUXGA Full HD LED 40pin matný povrch	1290	15.6	1920	1080	lesklý/matný	LED	nový třídy A+	2
https://www.lcddisplej.cz/lcd-15-6-1366x768-wxga-hd-led-40pin-slim-dh/	LCD 15.6" 1366x768 WXGA HD LED 40pin Slim DH matný povrch	1090	15.6	1366	768	lesklý/matný	LED	nový třídy A+	2
https://www.lcddisplej.cz/lcd-16-1920x1200-full-hd-led-30pin-slim-edp/	LCD 16" 1920x1200 Full HD LED 30pin Slim (eDP) matný povrch	3890	16	1920	1200	lesklý/matný	LED	nový třídy A+	2
https://www.lcddisplej.cz/lcd-16-1920x1200-full-hd-led-30pin-slim-narrow/	LCD 16" 1920x1200 Full HD LED 30pin Slim Narrow matný povrch	3890	16	1920	1200	lesklý/matný	LED	nový třídy A+	2
https://www.lcddisplej.cz/lcd-16-1920x1200-full-hd-led-40pin-slim-165hz/	LCD 16" 1920x1200 FULL HD LED 40pin Slim 165Hz matný povrch	3890	16	1920	1200	lesklý/matný	LED	nový třídy A+	2
https://www.lcddisplej.cz/lcd-16-1920x1200-full-hd-led-30pin-edp/	LCD 16" 1920x1200 Full HD LED 30pin (eDP) matný povrch	3890	16	1920	1200	lesklý/matný	LED	nový třídy A+	2
https://www.lcddisplej.cz/lcd-16-2560x1600-wqxga-led-40pin-slim-165hz/	LCD 16" 2560x1600 WQXGA LED 40pin Slim 165Hz matný povrch	3890	16	2560	1600	lesklý/matný	LED	nový třídy A+	2
https://www.lcddisplej.cz/lcd-16-3072x1920-uhd-led-40pin-slim-narrow/	LCD 16" 3072x1920 UHD LED 40pin Slim Narrow matný povrch	3890	16	3072	1920	lesklý/matný	LED	nový třídy A+	2
https://www.lcddisplej.cz/lcd-16-1920x1200-full-hd-led-30pin-slim-edp-nizsi-umisteni/	LCD 16" 1920x1200 Full HD LED 30pin Slim (eDP) nižší umístění matný povrch	3890	16	1920	1200	lesklý/matný	LED	nový třídy A+	2
https://www.lcddisplej.cz/lcd-16-1366x768-wxga-hd-led-40pin/	LCD 16" 1366x768 WXGA HD LED 40pin	1290	16	1366	768	lesklý/matný	LED	nový třídy A+	2
https://www.lcddisplej.cz/lcd-16-1366x768-wxga-hd-ccfl-30pin/	LCD 16" 1366x768 WXGA HD CCFL 30pin matný povrch	1290	16	1366	768	lesklý/matný	CCFL	nový třídy A+	2
https://www.lcddisplej.cz/lcd-16-1-1920x1080-wuxga-full-hd-led-40pin-slim-ips-144hz/	LCD 16.1" 1920x1080 WUXGA Full HD LED 40pin Slim IPS 144Hz matný povrch	1890	16.1	1920	1080	lesklý/matný	LED	nový třídy A+	2
https://www.lcddisplej.cz/lcd-16-1-1920x1080-wuxga-full-hd-led-30pin-slim-edp/	LCD 16.1" 1920x1080 WUXGA Full HD LED 30pin Slim (eDP) matný povrch	1890	16.1	1920	1080	lesklý/matný	LED	nový třídy A+	2
https://www.lcddisplej.cz/lcd-16-4-1600x900-wxga-hd-ccfl-30pin/	LCD 16.4" 1600x900 WXGA++ HD+ CCFL 30pin	2590	16.4	1600	900	lesklý/matný	CCFL	nový třídy A+	2
https://www.lcddisplej.cz/lcd-16-4-1600x900-wxga-hd-led-40pin/	LCD 16.4" 1600x900 WXGA++ HD+ LED 40pin matný povrch	990	16.4	1600	900	lesklý/matný	LED	nový třídy A+	2
https://www.lcddisplej.cz/17-1920x1200-wuxga-2xccfl-30pin/	17" 1920x1200 WUXGA 2xCCFL 30pin matný povrch	1590	17	1920	1200	lesklý/matný	2xCCFL	nový třídy A+	2
https://www.lcddisplej.cz/lcd-17-1920x1200-wuxga-ccfl-30pin/	LCD 17" 1920x1200 WUXGA CCFL 30pin matný povrch	1490	17	1920	1200	lesklý/matný	CCFL	nový třídy A+	2
https://www.lcddisplej.cz/lcd-17-1680x1050-wsxga-ccfl-30pin/	LCD 17" 1680x1050 WSXGA+ CCFL 30pin matný povrch	1490	17	1680	1050	lesklý/matný	CCFL	nový třídy A+	2
https://www.lcddisplej.cz/lcd-17-1440x900-wxga-ccfl-30pin/	LCD 17" 1440x900 WXGA+ CCFL 30pin matný povrch	1490	17	1440	900	lesklý/matný	CCFL	nový třídy A+	2
https://www.lcddisplej.cz/lcd-17-1440x900-wxga-2xccfl-30pin/	LCD 17" 1440x900 WXGA+ 2xCCFL 30pin matný povrch	1590	17	1440	900	lesklý/matný	2xCCFL	nový třídy A+	2
https://www.lcddisplej.cz/lcd-17-3-1920x1080-wuxga-full-hd-led-40pin-slim-360hz/	LCD 17.3" 1920x1080 WUXGA Full HD LED 40pin Slim 360Hz matný povrch	2690	17.3	1920	1080	matný	LED	nový třídy A+	2
https://www.lcddisplej.cz/lcd-17-3-1920x1080-wuxga-full-hd-led-40pin-slim-300hz/	LCD 17.3" 1920x1080 WUXGA Full HD LED 40pin Slim 300Hz matný povrch	2690	17.3	1920	1080	matný	LED	nový třídy A+	2
https://www.lcddisplej.cz/lcd-17-3-2560x1440-qhd-led-40pin-slim-120hz/	LCD 17.3" 2560x1440 QHD LED 40pin Slim 120Hz matný povrch	2890	17.3	2560	1440	matný	LED	nový třídy A+	2
https://www.lcddisplej.cz/lcd-17-3-1600x900-wxga-hd-led-30pin-slim-edp-prav-kon/	LCD 17.3" 1600x900 WXGA++ HD+ LED 30pin Slim (eDP) prav. kon matný povrch	1790	17.3	1600	900	lesklý/matný	LED	nový třídy A+	2
https://www.lcddisplej.cz/lcd-17-3-1600x900-wxga-hd-led-30pin-slim-edp/	LCD 17.3" 1600x900 WXGA++ HD+ LED 30pin Slim (eDP) matný povrch	1790	17.3	1600	900	lesklý/matný	LED	nový třídy A+	2
https://www.lcddisplej.cz/lcd-17-3-1920x1080-wuxga-full-hd-led-50pin-120hz-3d/	LCD 17.3" 1920x1080 WUXGA Full HD LED 50pin 120Hz 3D	3490	17.3	1920	1080	lesklý/matný	LED	nový třídy A+	2
https://www.lcddisplej.cz/lcd-17-3-1920x1080-wuxga-full-hd-led-30pin-slim-edp/	LCD 17.3" 1920x1080 WUXGA Full HD LED 30pin Slim (eDP) matný povrch	1990	17.3	1920	1080	lesklý/matný	LED	nový třídy A+	2
https://www.lcddisplej.cz/lcd-17-3-1920x1080-wuxga-full-hd-led-40pin-slim-144hz/	LCD 17.3" 1920x1080 WUXGA Full HD LED 40pin Slim 144Hz matný povrch	2190	17.3	1920	1080	matný	LED	nový třídy A+	2
https://www.lcddisplej.cz/lcd-17-3-3840x2160-uhd-led-40pin-slim/	LCD 17.3" 3840x2160 UHD LED 40pin Slim matný povrch	4990	17.3	1920	1080	matný	LED	nový třídy A+	2
https://www.lcddisplej.cz/lcd-17-3-1920x1080-wuxga-full-hd-led-30pin-slim-special-edp-matny/	LCD 17.3" 1920x1080 WUXGA Full HD LED 30pin Slim Special (eDP) matný matný povrch	4140	17.3	1920	1080	matný	LED	nový třídy A+	2
https://www.lcddisplej.cz/lcd-17-3-1920x1080-wuxga-full-hd-led-40pin-slim-120hz/	LCD 17.3" 1920x1080 WUXGA Full HD LED 40pin Slim 120Hz matný povrch	2890	17.3	1920	1080	matný	LED	nový třídy A+	2
